Sport;Count
Weightlifting;111
Water Polo;176
Swimming;422
Fencing;323
Athletics;862
Cycling;133
Rowing;215
Biathlon;201
Speed Skating;218
Sailing;163
Hockey;77
Volleyball;69
Wrestling;211
Alpine Skiing;165
Gymnastics;444
Short Track Speed Skating;44
Handball;100
Badminton;20
Basketball;87
Boxing;46
Archery;45
Shooting;378
Football;22
Judo;62
Cross Country Skiing;378
Diving;71
Freestyle Skiing;30
Equestrianism;203
Nordic Combined;46
Luge;91
Figure Skating;92
Bobsleigh;103
Canoeing;315
Ice Hockey;143
Beach Volleyball;2
Table Tennis;111
Rugby;2
Tennis;86
Ski Jumping;89
Taekwondo;2
Triathlon;10
Modern Pentathlon;32
Synchronized Swimming;21
Art Competitions;13
Rhythmic Gymnastics;5
Snowboarding;3
Tug-Of-War;1
