Sport;count
Athletics;862
Gymnastics;444
Swimming;422
Shooting;378
Cross Country Skiing;378
Fencing;323
Canoeing;315
Speed Skating;218
Rowing;215
Wrestling;211
Equestrianism;203
Biathlon;201
Water Polo;176
Alpine Skiing;165
Sailing;163
Ice Hockey;143
Cycling;133
Table Tennis;111
Weightlifting;111
Bobsleigh;103
Handball;100
Figure Skating;92
Luge;91
Ski Jumping;89
Basketball;87
Tennis;86
Hockey;77
Diving;71
Volleyball;69
Judo;62
Nordic Combined;46
Boxing;46
Archery;45
Short Track Speed Skating;44
Modern Pentathlon;32
Freestyle Skiing;30
Football;22
Synchronized Swimming;21
Badminton;20
Art Competitions;13
Triathlon;10
Rhythmic Gymnastics;5
Snowboarding;3
Beach Volleyball;2
Rugby;2
Taekwondo;2
Tug-Of-War;1
