Sport,Year,0
Aeronautics,1936,1
Alpinism,1932,2
Alpinism,1936,2
Basque Pelota,1900,2
Roque,1904,4
Diving,1904,5
Weightlifting,1904,5
Wrestling,1896,5
Weightlifting,1896,7
Racquets,1908,7
Skeleton,1928,10
Croquet,1900,10
Jeu De Paume,1908,11
Art Competitions,1920,11
Fencing,1904,11
Polo,1908,12
Tug-Of-War,1900,12
Weightlifting,1906,13
Swimming,1896,13
Tennis,1896,13
Motorboating,1908,14
Fencing,1896,15
Skeleton,1948,15
Tug-Of-War,1912,16
Curling,1924,16
Polo,1920,17
Boxing,1904,18
Cycling,1904,18
Cycling,1896,19
Polo,1900,20
Figure Skating,1908,21
Water Polo,1904,21
Polo,1936,21
Alpinism,1924,21
Golf,1900,22
Archery,1900,23
Modern Pentathlon,1920,23
Diving,1906,24
Military Ski Patrol,1924,24
Trampolining,2000,24
Polo,1924,24
Cricket,1900,24
Lacrosse,1908,24
Modern Pentathlon,1932,25
Nordic Combined,1952,25
Figure Skating,1920,26
Tennis,1900,26
Tennis,1906,27
Ski Jumping,1924,27
Nordic Combined,1984,28
Water Polo,1908,28
Diving,1932,28
Gymnastics,1896,28
Figure Skating,1924,29
Archery,1904,29
Weightlifting,1932,29
Biathlon,1960,30
Rugby,1908,30
Tug-Of-War,1904,30
Nordic Combined,1924,30
Archery,1920,30
Speed Skating,1924,31
Nordic Combined,1980,31
Rugby,1920,31
Equestrianism,1932,31
Speed Skating,1932,31
Trampolining,2004,32
Trampolining,2016,32
Nordic Combined,1964,32
Trampolining,2012,32
Trampolining,2008,32
Tug-Of-War,1906,32
Swimming,1904,32
Modern Pentathlon,1912,32
Modern Pentathlon,1996,32
Nordic Combined,1960,33
Art Competitions,1912,33
Rhythmic Gymnastics,1984,33
Nordic Combined,1932,33
Nordic Combined,1976,34
Ski Jumping,1932,34
Nordic Combined,1928,35
Football,1900,35
Football,1904,36
Wrestling,1906,36
Tennis,1904,36
Lacrosse,1904,36
Nordic Combined,1956,36
Modern Pentathlon,1928,37
Modern Pentathlon,1964,37
Ski Jumping,1928,38
Modern Pentathlon,1924,38
Shooting,1896,38
Nordic Combined,1948,39
Figure Skating,1932,39
Diving,1908,39
Bobsleigh,1924,39
Skeleton,2002,39
Rhythmic Gymnastics,1988,39
Speed Skating,1928,40
Nordic Combined,1972,40
Tug-Of-War,1908,40
Modern Pentathlon,1956,40
Tug-Of-War,1920,40
Hockey,1932,40
Nordic Combined,1968,41
Water Polo,1932,41
Bobsleigh,1932,41
Shooting,1932,41
Wrestling,1904,42
Modern Pentathlon,1936,42
Rhythmic Gymnastics,1992,42
Skeleton,2006,42
Boxing,1908,42
Modern Pentathlon,1980,43
Swimming,1906,43
Ski Jumping,1952,44
Rowing,1904,44
Nordic Combined,1988,44
Football,1906,45
Modern Pentathlon,1948,45
Cycling,1906,45
Ski Jumping,1960,45
Water Polo,1912,45
Synchronized Swimming,1988,46
Nordic Combined,1992,46
Gymnastics,1932,46
Skeleton,2014,46
Rugby,1900,47
Modern Pentathlon,1976,47
Skeleton,2010,47
Ski Jumping,1936,48
Ice Hockey,1932,48
Modern Pentathlon,2000,48
Modern Pentathlon,1968,48
Ski Jumping,1948,49
Synchronized Swimming,1984,50
Tennis,1908,50
Ski Jumping,1956,51
Modern Pentathlon,1952,51
Hockey,1920,51
Nordic Combined,1936,51
Figure Skating,1928,51
Biathlon,1964,51
Nordic Combined,2010,52
Speed Skating,1936,52
Modern Pentathlon,1984,52
Nordic Combined,1998,53
Nordic Combined,1994,53
Weightlifting,1920,53
Water Polo,1900,53
Diving,1920,53
Synchronized Swimming,1992,53
Nordic Combined,2002,54
Sailing,1932,54
Rugby,1924,54
Nordic Combined,2014,54
Ski Jumping,1980,55
Diving,1912,57
Ski Jumping,1964,57
Archery,1908,57
Cross Country Skiing,1932,58
Equestrianism,1900,58
Modern Pentathlon,1972,59
Cross Country Skiing,1924,59
Figure Skating,1956,59
Nordic Combined,2006,59
Ice Hockey,1920,60
Diving,1956,60
Modern Pentathlon,1960,60
Diving,1928,61
Ski Jumping,1976,62
Biathlon,1972,62
Equestrianism,1912,62
Ski Jumping,1972,62
Fencing,1906,62
Figure Skating,1952,63
Diving,1948,63
Athletics,1896,63
Ski Jumping,1992,63
Modern Pentathlon,2004,64
Archery,1976,64
Sailing,1908,64
Figure Skating,1948,64
Ski Jumping,1984,65
Sailing,1924,65
Modern Pentathlon,1988,65
Ski Jumping,1988,65
Ski Jumping,1968,66
Cycling,1932,66
Modern Pentathlon,1992,66
Speed Skating,1952,67
Diving,1980,67
Archery,1980,67
Figure Skating,1972,67
Luge,1964,68
Hockey,1908,68
Ski Jumping,1998,68
Speed Skating,1948,68
Equestrianism,1980,68
Shooting,1906,68
Ski Jumping,1994,68
Ski Jumping,2010,68
Diving,1936,69
Bobsleigh,1952,70
Diving,1924,71
Figure Skating,1960,71
Freestyle Skiing,1992,71
Bobsleigh,1948,71
Biathlon,1968,72
Modern Pentathlon,2008,72
Modern Pentathlon,2016,72
Gymnastics,1924,72
Modern Pentathlon,2012,72
Football,1908,72
Judo,1964,72
Shooting,1900,72
Cycling,1900,72
Synchronized Swimming,1996,72
Ski Jumping,2002,73
Cross Country Skiing,1928,74
Biathlon,1976,74
Tennis,1920,75
Diving,1960,75
Swimming,1900,76
Diving,1952,76
Biathlon,1980,76
Golf,1904,77
Bobsleigh,1980,78
Ski Jumping,2006,79
Wrestling,1932,79
Bobsleigh,1972,79
Weightlifting,1936,80
Luge,1980,80
Tennis,1912,80
Diving,1964,80
Curling,1998,80
Diving,1984,80
Diving,1976,80
Bobsleigh,1964,81
Luge,1984,81
Diving,1968,81
Rowing,1908,81
Ice Hockey,1924,82
Luge,1972,83
Speed Skating,1956,83
Rhythmic Gymnastics,2000,84
Figure Skating,1980,84
Rhythmic Gymnastics,2004,84
Beach Volleyball,1996,84
Figure Skating,1936,84
Luge,1968,85
Boxing,1932,85
Short Track Speed Skating,1992,86
Short Track Speed Skating,1994,87
Curling,2014,87
Figure Skating,1964,88
Luge,1992,89
Diving,1988,89
Equestrianism,1920,89
Bobsleigh,1968,90
Rhythmic Gymnastics,1996,90
Luge,1988,90
Biathlon,1988,90
Curling,2006,91
Diving,1972,91
Bobsleigh,1976,92
Luge,1994,92
Luge,1998,93
Curling,2010,93
Luge,1976,94
Weightlifting,1928,94
Short Track Speed Skating,1998,94
Rhythmic Gymnastics,2012,95
Bobsleigh,1936,95
Rhythmic Gymnastics,2008,95
Biathlon,1984,95
Archery,1972,95
Beach Volleyball,2016,96
Rhythmic Gymnastics,2016,96
Beach Volleyball,2012,96
Figure Skating,1968,96
Curling,2002,96
Beach Volleyball,2000,96
Beach Volleyball,2004,96
Water Polo,1956,96
Sailing,1900,96
Ski Jumping,2014,96
Beach Volleyball,2008,96
Cycling,1908,97
Freestyle Skiing,1994,97
Equestrianism,1924,97
Triathlon,2004,99
Rowing,1900,99
Swimming,1908,100
Diving,1992,100
Triathlon,2000,100
Water Polo,1920,101
Bobsleigh,1956,101
Sailing,1920,101
Water Polo,1924,101
Synchronized Swimming,2000,101
Synchronized Swimming,2004,101
Synchronized Swimming,2012,101
Synchronized Swimming,2016,102
Taekwondo,2000,102
Synchronized Swimming,2008,102
Equestrianism,1948,103
Speed Skating,1960,103
Cycling,1920,103
Alpine Skiing,1936,103
Gymnastics,1906,104
Figure Skating,1976,105
Freestyle Skiing,2002,105
Handball,1936,105
Weightlifting,1956,105
Short Track Speed Skating,2006,106
Short Track Speed Skating,2014,106
Cross Country Skiing,1948,106
Weightlifting,1924,107
Luge,2010,107
Luge,2006,108
Fencing,1932,108
Luge,2014,108
Short Track Speed Skating,2010,109
Archery,1984,109
Cross Country Skiing,1936,109
Sailing,1912,109
Triathlon,2016,110
Canoeing,1948,110
Freestyle Skiing,1998,110
Luge,2002,110
Triathlon,2008,110
Triathlon,2012,110
Speed Skating,1976,111
Short Track Speed Skating,2002,111
Bobsleigh,1984,111
Water Polo,1928,112
Cross Country Skiing,1960,112
Canoeing,1956,113
Equestrianism,1928,113
Figure Skating,1984,114
Wrestling,1908,115
Boxing,1920,116
Swimming,1920,116
Athletics,1904,116
Bobsleigh,1928,116
Freestyle Skiing,2006,116
Equestrianism,1964,116
Speed Skating,1972,118
Softball,2004,118
Snowboarding,2002,118
Canoeing,1936,119
Athletics,1900,119
Softball,2008,120
Softball,2000,120
Golf,2016,120
Swimming,1912,120
Weightlifting,1948,120
Softball,1996,120
Gymnastics,1904,121
Diving,1996,122
Cycling,1912,123
Taekwondo,2004,124
Tennis,1924,124
Ice Hockey,1928,124
Equestrianism,1968,125
Snowboarding,1998,125
Taekwondo,2016,126
Taekwondo,2008,126
Sailing,1928,127
Gymnastics,1980,127
Equestrianism,1936,127
Gymnastics,1956,128
Archery,2016,128
Archery,2008,128
Swimming,1932,128
Taekwondo,2012,128
Archery,1996,128
Speed Skating,1980,128
Archery,2012,128
Archery,2000,128
Archery,2004,128
Tennis,1988,129
Speed Skating,1968,129
Diving,2004,129
Table Tennis,1988,129
Figure Skating,1988,129
Figure Skating,1994,129
Cross Country Skiing,1980,130
Water Polo,1976,131
Fencing,1908,131
Water Polo,1980,132
Figure Skating,1992,133
Alpine Skiing,1960,133
Equestrianism,1952,134
Speed Skating,1964,134
Bobsleigh,1988,135
Gymnastics,1900,135
Equestrianism,1976,135
Archery,1992,136
Judo,1976,136
Diving,2016,136
Diving,2012,136
Gymnastics,1984,136
Rowing,1920,136
Hockey,1928,137
Water Polo,1964,137
Cross Country Skiing,1952,138
Ice Hockey,1948,139
Speed Skating,1984,139
Cycling,1924,139
Diving,2008,140
Speed Skating,1988,141
Shooting,1936,141
Water Polo,1936,142
Weightlifting,1952,142
Alpine Skiing,1972,143
Figure Skating,2002,143
Football,1956,143
Gymnastics,1928,144
Boxing,1928,144
Canoeing,1964,145
Figure Skating,1998,145
Figure Skating,2010,146
Archery,1988,146
Ice Hockey,1952,147
Figure Skating,2006,147
Cross Country Skiing,1968,147
Judo,1972,148
Weightlifting,1964,149
Cycling,1928,149
Fencing,1920,149
Figure Skating,2014,149
Speed Skating,1994,150
Cross Country Skiing,1956,150
Water Polo,1960,150
Bobsleigh,2006,150
Cross Country Skiing,1964,151
Rowing,1932,152
Wrestling,1920,152
Ice Hockey,1960,152
Water Polo,1992,152
Cross Country Skiing,1972,152
Water Polo,1984,153
Water Polo,1996,153
Speed Skating,1992,154
Sailing,1956,154
Bobsleigh,1994,155
Sailing,1980,156
Shooting,1956,156
Water Polo,1948,156
Bobsleigh,1998,156
Water Polo,1988,156
Equestrianism,1984,157
Hockey,1952,157
Diving,2000,157
Equestrianism,1956,158
Bobsleigh,1992,159
Bobsleigh,2010,159
Table Tennis,1992,159
Canoeing,1952,159
Equestrianism,1960,159
Baseball,1992,160
Baseball,1996,160
Weightlifting,1968,160
Boxing,1956,161
Cycling,1956,161
Water Polo,1968,162
Football,1912,163
Cross Country Skiing,1976,164
Fencing,1956,165
Wrestling,1928,166
Alpine Skiing,1952,166
Speed Skating,2002,166
Table Tennis,1996,166
Rowing,1906,167
Alpine Skiing,1948,167
Hockey,1936,167
Swimming,1924,169
Basketball,1956,169
Ice Hockey,1956,169
Tennis,2008,169
Wrestling,1912,170
Tennis,2004,170
Badminton,2000,171
Table Tennis,2008,171
Table Tennis,2000,171
Speed Skating,1998,171
Hockey,1976,172
Weightlifting,1960,172
Bobsleigh,2014,172
Sailing,1936,172
Table Tennis,2004,172
Table Tennis,2016,172
Freestyle Skiing,2010,172
Badminton,2004,172
Badminton,2016,172
Badminton,2012,172
Weightlifting,1980,172
Hockey,1956,173
Ice Hockey,1936,173
Canoeing,1960,173
Weightlifting,1976,173
Badminton,2008,173
Wrestling,1956,173
Alpine Skiing,1980,174
Alpine Skiing,1964,174
Table Tennis,2012,174
Speed Skating,2006,174
Cycling,1936,175
Gymnastics,1936,175
Gymnastics,1976,176
Water Polo,1972,176
Tennis,1996,176
Tennis,1992,177
Speed Skating,2014,177
Badminton,1992,177
Speed Skating,2010,177
Volleyball,1964,179
Gymnastics,1988,179
Boxing,1936,179
Cross Country Skiing,1984,179
Equestrianism,1972,179
Canoeing,1980,180
Alpine Skiing,1976,181
Boxing,1924,181
Rowing,1924,181
Equestrianism,1988,182
Tennis,2000,182
Swimming,1928,182
Judo,1980,182
Biathlon,1998,183
Alpine Skiing,1956,183
Canoeing,1968,184
Tennis,2012,184
Rowing,1912,184
Fencing,1912,185
Gymnastics,1992,185
Snowboarding,2010,185
Sailing,1948,186
Weightlifting,1984,186
Fencing,1980,187
Hockey,1948,187
Snowboarding,2006,187
Hockey,1980,187
Cycling,1948,188
Shooting,1948,188
Weightlifting,1972,188
Art Competitions,1924,189
Basketball,1964,189
Biathlon,2002,190
Football,1920,190
Basketball,1972,190
Water Polo,1952,191
Alpine Skiing,1968,191
Basketball,1968,191
Baseball,2008,191
Baseball,2004,191
Badminton,1996,192
Basketball,1960,192
Baseball,2000,192
Equestrianism,2008,193
Biathlon,1994,193
Gymnastics,2000,194
Gymnastics,2012,195
Bobsleigh,2002,195
Canoeing,1984,195
Equestrianism,2000,195
Gymnastics,2016,196
Gymnastics,2008,196
Gymnastics,2004,196
Tennis,2016,196
Biathlon,1992,196
Cross Country Skiing,1994,197
Cross Country Skiing,1988,198
Equestrianism,2012,199
Basketball,1936,199
Wrestling,1936,200
Equestrianism,2016,200
Football,1936,201
Football,1976,202
Equestrianism,2004,203
Biathlon,2006,204
Biathlon,2014,204
Biathlon,2010,204
Volleyball,1980,204
Boxing,1948,205
Volleyball,1968,206
Volleyball,1984,208
Ice Hockey,1972,208
Gymnastics,1948,211
Judo,1984,212
Gymnastics,1964,213
Basketball,1984,213
Basketball,1976,213
Football,1964,214
Basketball,1980,215
Cycling,1952,215
Equestrianism,1992,215
Shooting,1908,215
Gymnastics,1996,216
Volleyball,1976,216
Ice Hockey,1976,217
Fencing,2000,217
Gymnastics,1968,218
Shooting,1952,218
Football,1948,218
Football,1928,219
Wrestling,1948,219
Equestrianism,1996,219
Fencing,2004,222
Cross Country Skiing,1992,223
Fencing,1996,224
Sailing,1964,225
Alpine Skiing,1984,225
Weightlifting,1988,226
Hockey,1964,226
Sailing,1952,227
Cross Country Skiing,1998,227
Wrestling,1924,229
Cycling,1980,230
Water Polo,2000,231
Volleyball,1992,231
Gymnastics,1972,231
Volleyball,1972,231
Athletics,1906,233
Fencing,2008,234
Swimming,1956,235
Football,1960,235
Shooting,1920,236
Basketball,1988,236
Hockey,1960,236
Basketball,1992,236
Snowboarding,2014,237
Shooting,1980,239
Volleyball,1988,239
Ice Hockey,1980,239
Ice Hockey,1984,239
Fencing,1924,240
Rowing,1956,242
Judo,1988,243
Handball,1976,243
Handball,1972,243
Weightlifting,1996,243
Rowing,1928,244
Fencing,2012,244
Wrestling,1952,244
Weightlifting,1992,244
Canoeing,1976,245
Fencing,2016,245
Football,1984,246
Weightlifting,2000,246
Swimming,1936,248
Handball,1980,248
Gymnastics,1912,249
Swimming,1948,249
Boxing,1952,249
Weightlifting,2004,249
Gymnastics,1920,249
Alpine Skiing,1998,249
Alpine Skiing,1994,250
Ice Hockey,1968,250
Sailing,1968,251
Weightlifting,2012,252
Weightlifting,2008,253
Hockey,1968,253
Gymnastics,1960,254
Water Polo,2004,255
Weightlifting,2016,255
Football,1980,256
Water Polo,2008,256
Water Polo,2012,257
Sailing,1976,257
Shooting,1924,258
Water Polo,2016,258
Fencing,1964,259
Fencing,1928,259
Handball,1984,259
Fencing,1900,260
Cross Country Skiing,2002,260
Fencing,1984,262
Shooting,1964,262
Freestyle Skiing,2014,262
Hockey,1972,263
Ice Hockey,1988,265
Boxing,1976,266
Wrestling,1980,266
Wrestling,1984,267
Ice Hockey,1992,267
Ice Hockey,1994,268
Boxing,1964,269
Football,1972,269
Football,1988,270
Ice Hockey,1964,270
Boxing,1980,271
Alpine Skiing,1988,272
Football,1992,272
Football,1968,273
Fencing,1968,275
Wrestling,1964,275
Canoeing,1988,275
Volleyball,1996,275
Alpine Skiing,2002,278
Football,1924,279
Volleyball,2000,279
Boxing,2004,280
Basketball,2016,281
Boxing,1960,281
Fencing,1976,281
Handball,1988,281
Volleyball,2008,283
Boxing,2016,283
Volleyball,2004,283
Volleyball,2016,283
Boxing,2008,283
Boxing,2012,283
Shooting,1912,284
Basketball,1996,284
Basketball,2000,286
Fencing,1952,286
Hockey,1984,286
Basketball,2012,287
Volleyball,2012,287
Basketball,1948,287
Basketball,2004,287
Basketball,2008,287
Alpine Skiing,2006,287
Sailing,1960,290
Cross Country Skiing,2010,292
Handball,1992,292
Football,1952,294
Fencing,1948,294
Basketball,1952,294
Cycling,1976,295
Cycling,1960,297
Wrestling,1968,297
Cross Country Skiing,2014,298
Rugby Sevens,2016,299
Fencing,1972,299
Handball,1996,300
Sailing,1984,300
Cycling,1964,303
Fencing,1992,305
Cross Country Skiing,2006,307
Boxing,1968,307
Boxing,2000,307
Alpine Skiing,2010,309
Rowing,1948,310
Fencing,1936,311
Shooting,1960,313
Wrestling,2000,314
Alpine Skiing,2014,314
Hockey,1988,314
Rowing,1936,314
Hockey,1992,314
Fencing,1988,317
Swimming,1952,319
Gymnastics,1952,319
Hockey,1996,320
Alpine Skiing,1992,321
Sailing,1972,323
Handball,2000,323
Wrestling,1960,324
Gymnastics,1908,325
Handball,2004,328
Canoeing,2004,328
Cycling,1968,329
Canoeing,2008,330
Canoeing,1972,330
Canoeing,2000,330
Wrestling,1976,330
Canoeing,2016,330
Art Competitions,1948,330
Canoeing,2012,332
Swimming,1980,333
Boxing,1992,336
Wrestling,2012,339
Wrestling,2004,342
Handball,2008,343
Wrestling,2008,343
Shooting,1976,344
Fencing,1960,344
Wrestling,2016,346
Handball,2012,347
Hockey,2000,350
Shooting,1968,351
Hockey,2004,352
Rowing,1968,353
Handball,2016,353
Boxing,1984,354
Boxing,1972,354
Boxing,1996,355
Cycling,1984,359
Cycling,1972,359
Rowing,1964,370
Wrestling,1992,370
Art Competitions,1928,370
Sailing,1988,375
Sailing,2012,379
Sailing,2016,380
Swimming,1960,380
Judo,2004,384
Judo,2012,384
Athletics,1932,386
Judo,2008,386
Hockey,2008,387
Judo,1996,387
Hockey,2012,387
Football,1996,388
Wrestling,1972,388
Judo,2016,389
Shooting,2008,390
Shooting,2016,390
Hockey,2016,390
Shooting,2004,390
Shooting,2012,390
Football,2000,391
Shooting,1988,396
Shooting,1972,397
Judo,2000,398
Sailing,2004,400
Sailing,2008,400
Wrestling,1996,401
Sailing,2000,402
Rowing,1952,404
Swimming,1964,405
Shooting,1992,407
Shooting,2000,408
Rowing,1960,410
Shooting,1996,419
Ice Hockey,2010,420
Cycling,1988,422
Football,2004,425
Ice Hockey,1998,426
Wrestling,1988,429
Athletics,1908,431
Boxing,1988,432
Judo,1992,433
Rowing,1972,440
Canoeing,1992,440
Sailing,1992,441
Ice Hockey,2006,442
Ice Hockey,2014,443
Rowing,1984,447
Cycling,1992,451
Canoeing,1996,451
Sailing,1996,458
Shooting,1984,460
Cycling,2000,462
Cycling,2004,464
Football,2012,467
Swimming,1968,468
Ice Hockey,2002,468
Football,2008,469
Rowing,1980,470
Swimming,1976,471
Football,2016,473
Cycling,1996,477
Swimming,1984,494
Cycling,2012,501
Cycling,2008,508
Athletics,1920,509
Cycling,2016,513
Art Competitions,1936,527
Swimming,1972,532
Athletics,1912,534
Rowing,2016,546
Rowing,2000,547
Rowing,2012,549
Rowing,2008,555
Rowing,2004,557
Art Competitions,1932,588
Rowing,1988,593
Rowing,1976,593
Rowing,1996,608
Rowing,1992,627
Swimming,1988,633
Swimming,1992,641
Athletics,1924,659
Athletics,1928,706
Athletics,1956,720
Athletics,1948,745
Swimming,1996,762
Athletics,1936,776
Swimming,2012,931
Swimming,2004,937
Swimming,2016,942
Swimming,2000,954
Athletics,1980,960
Athletics,1952,963
Athletics,1976,1006
Athletics,1960,1016
Athletics,1964,1018
Swimming,2008,1022
Athletics,1968,1029
Athletics,1984,1280
Athletics,1972,1330
Athletics,1988,1618
Athletics,1992,1726
Athletics,2004,1995
Athletics,2008,2056
Athletics,1996,2057
Athletics,2012,2079
Athletics,2000,2137
Athletics,2016,2269
