Sport,Sex,Weight
Gymnastics,F,47.70533807829182
Rhythmic Gymnastics,F,48.760975609756095
Figure Skating,F,49.883940620782724
Ski Jumping,F,52.61538461538461
Trampolining,F,52.89333333333333
Diving,F,53.65122615803815
Triathlon,F,54.724137931034484
Synchronized Swimming,F,55.795918367346935
Short Track Speed Skating,F,56.925696594427244
Biathlon,F,57.3711507293355
Cross Country Skiing,F,57.55298013245033
Table Tennis,F,58.238754325259514
Modern Pentathlon,F,58.3109756097561
Freestyle Skiing,F,58.32981220657277
Equestrianism,F,58.52352048558422
Cycling,F,59.345063538611925
Snowboarding,F,60.333333333333336
Hockey,F,60.53093525179856
Wrestling,F,60.554455445544555
Fencing,F,60.574770258980784
Athletics,F,60.59112046058459
Football,F,60.925813008130085
Skeleton,F,61.0
Taekwondo,F,61.13682432432432
Swimming,F,61.257097405775816
Shooting,F,61.284588441330996
Badminton,F,61.477777777777774
Archery,F,61.75856164383562
Boxing,F,61.83606557377049
Speed Skating,F,61.96585365853659
Tennis,F,62.0205047318612
Alpine Skiing,F,62.38468158347676
Sailing,F,62.77726750861079
Curling,F,62.88834951456311
Gymnastics,M,63.358355091383814
Golf,F,63.43636363636364
Canoeing,F,64.4959266802444
Boxing,M,65.30515279946465
Ice Hockey,F,65.71286472148542
Trampolining,M,65.83783783783784
Ski Jumping,M,65.84257206208426
Rugby Sevens,F,66.62837837837837
Diving,M,66.80857874519846
Luge,F,66.8259587020649
Judo,F,67.06716417910448
Softball,F,67.47165532879819
Nordic Combined,M,67.6
Weightlifting,F,67.72462203023758
Beach Volleyball,F,68.35094339622641
Triathlon,M,68.80377358490566
Handball,F,68.87685113016367
Volleyball,F,69.33377926421404
Figure Skating,M,69.47625698324022
Rowing,F,70.03012345679012
Water Polo,F,70.18032786885246
Equestrianism,M,70.82676130389063
Short Track Speed Skating,M,71.44252873563218
Cross Country Skiing,M,71.68693181818182
Table Tennis,M,71.7072
Cycling,M,72.00993377483444
Modern Pentathlon,M,72.31594634873323
Biathlon,M,72.43209342560553
Bobsleigh,F,72.8041958041958
Football,M,73.08664412510566
Hockey,M,73.34376086200903
Basketball,F,73.68516984258493
Badminton,M,74.06896551724138
Athletics,M,74.46342653729116
Taekwondo,M,74.65359477124183
Freestyle Skiing,M,74.71635610766046
Fencing,M,75.51346015793251
Wrestling,M,76.24948089700996
Speed Skating,M,76.40466278101582
Archery,M,76.62084592145015
Snowboarding,M,76.66596194503171
Lacrosse,M,76.71428571428571
Motorboating,M,77.0
Art Competitions,M,77.1875
Rugby,M,77.53333333333333
Swimming,M,77.80680518490279
Shooting,M,78.00368408933916
Alpine Skiing,M,78.46584546472565
Tennis,M,78.74965800273598
Sailing,M,78.85735735735736
Golf,M,79.24528301886792
Canoeing,M,79.53716113310996
Weightlifting,M,80.23065386922616
Luge,M,80.87921022067364
Curling,M,81.4656862745098
Skeleton,M,82.01834862385321
Judo,M,83.22860125260961
Rowing,M,83.77032235459005
Ice Hockey,M,83.77559260224017
Baseball,M,85.70779220779221
Volleyball,M,86.92592592592592
Water Polo,M,87.7061717352415
Handball,M,89.38791423001949
Beach Volleyball,M,89.51282051282051
Bobsleigh,M,90.26404494382022
Rugby Sevens,M,91.00662251655629
Basketball,M,91.68352893565358
Tug-Of-War,M,95.61538461538461
