Sport,Sex,Height
Gymnastics,F,155.99225897255454
Art Competitions,F,160.0
Weightlifting,F,160.4673913043478
Figure Skating,F,160.63647642679902
Diving,F,161.27844712182062
Trampolining,F,161.73333333333332
Wrestling,F,163.86513157894737
Short Track Speed Skating,F,164.43034055727554
Ski Jumping,F,164.6
Freestyle Skiing,F,164.75348837209302
Shooting,F,165.02532751091704
Table Tennis,F,165.21527777777777
Hockey,F,166.1252669039146
Snowboarding,F,166.2258064516129
Judo,F,166.267
Biathlon,F,166.6
Cross Country Skiing,F,166.60412757973734
Triathlon,F,166.99618320610688
Archery,F,167.03953871499175
Alpine Skiing,F,167.12
Speed Skating,F,167.3689903846154
Curling,F,167.52036199095022
Rugby Sevens,F,167.63698630136986
Gymnastics,M,167.64348925410872
Football,F,167.6761421319797
Equestrianism,F,167.75414781297135
Cycling,F,167.84795321637426
Rhythmic Gymnastics,F,167.87025316455697
Skeleton,F,167.92307692307693
Ice Hockey,F,168.20954907161803
Badminton,F,168.33273056057865
Synchronized Swimming,F,168.39541547277938
Golf,F,168.73333333333332
Boxing,F,168.8
Fencing,F,168.8151191454396
Luge,F,168.99115044247787
Weightlifting,M,169.1392604248623
Canoeing,F,169.3238578680203
Softball,F,169.39508928571428
Athletics,F,169.47629048303304
Sailing,F,169.5108077360637
Modern Pentathlon,F,170.0731707317073
Taekwondo,F,170.81164383561645
Swimming,F,171.08897998553172
Diving,M,171.3
Trampolining,M,171.3684210526316
Tennis,F,172.1551724137931
Wrestling,M,172.80470200041245
Boxing,M,172.88819875776397
Bobsleigh,F,173.1818181818182
Lacrosse,M,174.0
Handball,F,174.84027777777777
Art Competitions,M,175.16666666666666
Polo,M,175.5
Water Polo,F,175.56352459016392
Short Track Speed Skating,M,175.63793103448276
Shooting,M,175.95472792149866
Racquets,M,176.0
Figure Skating,M,176.006435006435
Nordic Combined,M,176.08467153284673
Ski Jumping,M,176.08499475341029
Rugby,M,176.09677419354838
Freestyle Skiing,M,176.47967479674796
Equestrianism,M,176.5353798126951
Rowing,F,176.71950617283952
Hockey,M,176.85257731958762
Table Tennis,M,177.1552
Judo,M,177.3176220806794
Football,M,177.4803386127799
Cross Country Skiing,M,177.5024523160763
Cycling,M,177.8186813186813
Alpine Skiing,M,177.8422519509476
Archery,M,178.2020202020202
Snowboarding,M,178.41127348643008
Biathlon,M,178.4948275862069
Jeu De Paume,M,178.5
Beach Volleyball,F,178.86666666666667
Speed Skating,M,179.18608414239483
Golf,M,179.19117647058823
Modern Pentathlon,M,179.30901287553647
Badminton,M,179.40549273021003
Luge,M,179.41435185185185
Volleyball,F,179.49498327759198
Athletics,M,180.09691529852867
Sailing,M,180.1647755303404
Triathlon,M,180.1954887218045
Fencing,M,180.27098723975823
Curling,M,180.7092511013216
Ice Hockey,M,180.99144412756027
Motorboating,M,181.0
Skeleton,M,181.07272727272726
Canoeing,M,181.0836629145117
Bobsleigh,M,182.06085842408712
Taekwondo,M,182.41830065359477
Basketball,F,182.45483613109513
Tug-Of-War,M,182.48
Baseball,M,182.59929078014184
Rugby Sevens,M,182.83443708609272
Swimming,M,184.0083767684289
Tennis,M,184.67385444743934
Water Polo,M,186.80173913043478
Rowing,M,186.95910845910845
Handball,M,188.77837311251827
Volleyball,M,193.26565995525726
Beach Volleyball,M,193.29090909090908
Basketball,M,194.87262357414448
