Team,Bronze_inf,Gold_inf,Silver_inf,Total_inf,Bronze_sup,Gold_sup,Silver_sup,Total_sup
Greece,16,10,16,42,18,10,16,44
Germany,2,6,5,13,2,24,5,31
United States,2,11,6,19,2,11,7,20
France,2,5,4,11,2,5,4,11
Great Britain,2,2,3,7,2,2,3,7
Denmark,3,1,2,6,3,1,2,6
Hungary,3,2,1,6,3,2,1,6
Austria,2,2,1,5,2,2,1,5
Switzerland,0,1,2,3,0,1,2,3
Australia,0,2,0,2,0,2,0,2
Australia/Great Britain,1,0,0,1,2,0,0,2
Ethnikos Gymnastikos Syllogos,1,0,0,1,2,0,0,2
Great Britain/Germany,0,1,0,1,0,2,0,2
Greece-1,0,0,1,1,0,0,2,2
