Team,Bronze_inf,Gold_inf,Silver_inf,Total_inf,Bronze_sup,Gold_sup,Silver_sup,Total_sup
United States,27,41,27,95,38,111,45,194
Belgium,13,15,11,39,61,54,62,177
Sweden,25,17,19,61,64,45,34,143
France,12,8,19,39,55,11,68,134
Great Britain,12,12,15,39,15,46,40,101
Italy,5,14,6,25,8,67,9,84
Norway,8,6,7,21,24,14,40,78
Denmark,1,3,9,13,1,26,44,71
Finland,9,15,10,34,17,21,14,52
Netherlands,5,2,1,8,25,9,8,42
Switzerland,7,2,2,11,21,6,2,29
Spain,0,0,2,2,0,0,23,23
South Africa,3,3,4,10,6,3,12,21
Canada,3,3,3,9,3,10,3,16
Czechoslovakia,2,0,0,2,10,0,0,10
Heira II,0,1,0,1,0,9,0,9
Atlanta,0,1,0,1,0,9,0,9
Australia,1,0,2,3,1,0,6,7
Brazil,1,1,1,3,5,1,1,7
Eleda,0,1,0,1,0,7,0,7
Mosk II,0,1,0,1,0,7,0,7
Lyn-2,0,0,1,1,0,0,5,5
Greece,0,0,1,1,0,0,5,5
Antwerpia V,1,0,0,1,5,0,0,5
Irene,0,1,0,1,0,5,0,5
Fornebo,0,0,1,1,0,0,4,4
Sildra-1,0,1,0,1,0,4,0,4
Sif,0,1,0,1,0,4,0,4
Ancora,0,1,0,1,0,4,0,4
France-3,1,1,0,2,2,2,0,4
Elsie,0,0,1,1,0,0,4,4
Kullan,0,1,0,1,0,3,0,3
Oranje,0,1,0,1,0,3,0,3
Tan-Fe-Pah,0,0,1,1,0,0,3,3
Stella-2,1,0,0,1,3,0,0,3
Beatrijs III-1,0,1,0,1,0,3,0,3
Rose Pompon,0,0,1,1,0,0,3,3
Edelweiss II-1,0,1,0,1,0,3,0,3
Japan,0,0,2,2,0,0,3,3
Estonia,0,1,2,3,0,1,2,3
Jo,0,1,0,1,0,3,0,3
Marmi II-1,0,0,1,1,0,0,3,3
Great Britain-3,0,0,1,1,0,0,2,2
Great Britain-2,0,1,0,1,0,2,0,2
Great Britain-1,1,0,0,1,2,0,0,2
Boreas-2,0,0,1,1,0,0,2,2
Luxembourg,0,0,1,1,0,0,1,1
New Zealand,1,0,0,1,1,0,0,1
