Team,Bronze_inf,Gold_inf,Silver_inf,Total_inf,Bronze_sup,Gold_sup,Silver_sup,Total_sup
Finland,6,2,4,12,49,2,7,58
Canada,4,5,5,14,7,12,28,47
Russia,3,7,4,14,6,10,28,44
Norway,5,8,9,22,12,13,15,40
Germany,6,10,9,25,6,16,12,34
United States,3,6,2,11,3,25,2,30
Czech Republic,1,1,1,3,1,21,1,23
Austria,9,3,5,17,12,3,5,20
Italy,2,1,6,9,5,1,9,15
China,2,0,6,8,5,0,9,14
France,4,2,1,7,10,2,1,13
Japan,4,5,1,10,4,8,1,13
South Korea,2,3,1,6,2,6,4,12
Netherlands,2,5,4,11,2,5,4,11
Switzerland,3,2,1,6,3,6,1,10
Sweden,1,0,2,3,5,0,2,7
Germany-1,2,1,0,3,4,2,0,6
Denmark,0,0,1,1,0,0,5,5
Russia-1,0,2,0,2,0,4,0,4
Germany-2,0,1,0,1,0,4,0,4
Great Britain,1,0,0,1,4,0,0,4
Switzerland-1,0,0,1,1,0,0,4,4
Russia-2,0,0,2,2,0,0,4,4
United States-1,0,0,1,1,0,0,2,2
United States-2,1,0,0,1,2,0,0,2
Kazakhstan,2,0,0,2,2,0,0,2
Italy-1,0,1,0,1,0,2,0,2
France-1,1,0,0,1,2,0,0,2
Canada-1,0,1,0,1,0,2,0,2
Belarus,2,0,0,2,2,0,0,2
Bulgaria,0,1,0,1,0,1,0,1
Ukraine,0,0,1,1,0,0,1,1
Belgium,1,0,0,1,1,0,0,1
Australia,1,0,0,1,1,0,0,1
