Team,Bronze_inf,Gold_inf,Silver_inf,Total_inf,Bronze_sup,Gold_sup,Silver_sup,Total_sup
United States,25,35,39,99,69,115,75,259
Russia,36,28,26,90,95,48,46,189
Australia,17,17,16,50,31,49,77,157
Germany,20,13,15,48,63,41,43,147
Italy,11,10,11,32,39,24,41,104
Japan,12,16,9,37,52,21,20,93
China,13,27,17,57,13,42,27,82
Netherlands,9,4,9,22,22,4,51,77
Cuba,11,9,7,27,22,32,8,62
Great Britain,12,9,8,29,15,17,23,55
France,13,11,9,33,22,21,10,53
Argentina,4,2,0,6,21,28,0,49
Ukraine,9,8,5,22,31,8,8,47
South Korea,8,8,11,27,8,12,26,46
Hungary,3,8,6,17,4,24,12,40
Romania,6,8,5,19,11,23,5,39
Brazil,3,4,1,8,3,16,17,36
Greece,4,6,6,16,5,8,18,31
Spain,6,3,10,19,9,4,15,28
Denmark,4,2,1,7,7,19,1,27
Croatia,2,1,2,5,3,15,3,21
Canada,3,3,6,12,4,3,10,17
Bulgaria,9,2,1,12,14,2,1,17
Paraguay,0,0,1,1,0,0,17,17
Belarus,6,2,5,13,8,2,5,15
Serbia and Montenegro,0,0,2,2,0,0,13,13
Jamaica,2,2,1,5,6,6,1,13
Sweden,1,4,2,7,2,5,5,12
Poland,5,3,2,10,6,4,2,12
Turkey,5,3,3,11,5,3,3,11
Czech Republic,4,1,3,8,4,1,6,11
Slovakia,2,2,2,6,5,3,2,10
South Africa,2,1,3,6,3,4,3,10
Chinese Taipei,1,2,2,5,3,2,4,9
Nigeria,2,0,0,2,8,0,0,8
Thailand,4,3,1,8,4,3,1,8
China-1,0,4,0,4,0,8,0,8
Kazakhstan,3,1,4,8,3,1,4,8
Austria,1,2,4,7,1,3,4,8
Norway,1,5,0,6,2,5,0,7
Kenya,2,1,4,7,2,1,4,7
Ethiopia,2,2,3,7,2,2,3,7
New Zealand,0,3,2,5,0,4,2,6
Iran,2,2,2,6,2,2,2,6
North Korea,1,0,4,5,1,0,4,5
Azerbaijan,4,1,0,5,4,1,0,5
Slovenia,3,0,1,4,3,0,2,5
Switzerland,2,1,1,4,2,1,2,5
Egypt,3,1,1,5,3,1,1,5
Uzbekistan,2,2,1,5,2,2,1,5
South Korea-1,1,0,1,2,2,0,2,4
Brazil-1,0,1,1,2,0,2,2,4
Latvia,0,0,4,4,0,0,4,4
Georgia,0,2,2,4,0,2,2,4
Mexico,1,0,3,4,1,0,3,4
China-2,1,1,0,2,2,2,0,4
Chile,1,2,0,3,1,3,0,4
Portugal,1,0,2,3,1,0,2,3
Lithuania,0,1,2,3,0,1,2,3
Estonia,2,0,1,3,2,0,1,3
Indonesia,1,1,1,3,1,1,1,3
Morocco,0,2,1,3,0,2,1,3
Zimbabwe,1,1,1,3,1,1,1,3
Belgium,2,1,0,3,2,1,0,3
Israel,1,1,0,2,1,1,0,2
Indonesia-1,1,0,0,1,2,0,0,2
Venezuela,2,0,0,2,2,0,0,2
Colombia,2,0,0,2,2,0,0,2
United States-2,1,0,0,1,2,0,0,2
United States-1,0,1,0,1,0,2,0,2
Czech Republic-1,1,0,0,1,2,0,0,2
Denmark-2,1,0,0,1,2,0,0,2
Switzerland-2,1,0,0,1,2,0,0,2
Spain-2,0,0,1,1,0,0,2,2
Finland,0,0,2,2,0,0,2,2
South Korea-2,0,1,0,1,0,2,0,2
Germany-1,0,0,1,1,0,0,2,2
Great Britain-1,0,0,1,1,0,0,2,2
Hong Kong-2,0,0,1,1,0,0,2,2
Bahamas,1,1,0,2,1,1,0,2
Mongolia,1,0,0,1,1,0,0,1
Eritrea,1,0,0,1,1,0,0,1
Syria,1,0,0,1,1,0,0,1
Dominican Republic,0,1,0,1,0,1,0,1
Trinidad and Tobago,1,0,0,1,1,0,0,1
United Arab Emirates,0,1,0,1,0,1,0,1
Cameroon,0,1,0,1,0,1,0,1
India,0,0,1,1,0,0,1,1
