Team,Bronze_inf,Gold_inf,Silver_inf,Total_inf,Bronze_sup,Gold_sup,Silver_sup,Total_sup
Germany,31,39,33,103,55,93,72,220
United States,14,24,21,59,28,51,29,108
Italy,5,8,13,26,5,31,34,70
Austria,7,6,7,20,9,7,42,58
Switzerland,5,4,9,18,24,5,23,52
Great Britain,3,4,8,15,11,19,17,47
France,7,7,6,20,19,13,13,45
Hungary,5,10,1,16,15,25,1,41
Sweden,12,8,6,26,18,9,11,38
Finland,9,9,8,26,16,12,8,36
Norway,5,8,6,19,18,8,9,35
Canada,5,1,4,10,9,1,25,35
Netherlands,6,5,4,15,19,8,7,34
Japan,10,6,4,20,10,9,4,23
India,0,1,0,1,0,19,0,19
Czechoslovakia,1,3,5,9,1,5,12,18
Mexico,3,0,0,3,16,0,0,16
Belgium,3,0,0,3,14,0,0,14
Poland,5,0,4,9,6,0,6,12
Argentina,3,2,2,7,4,5,2,11
Estonia,3,2,2,7,3,2,2,7
Italia,0,1,0,1,0,6,0,6
Silja,0,0,1,1,0,0,6,6
Denmark,3,0,2,5,3,0,3,6
Switzerland-2,0,1,1,2,0,4,2,6
Germania II,1,0,0,1,6,0,0,6
Lully II,0,0,1,1,0,0,5,5
May Be,1,0,0,1,5,0,0,5
Egypt,2,2,1,5,2,2,1,5
Lalage,0,1,0,1,0,5,0,5
Switzerland-1,0,0,1,1,0,0,4,4
Portugal,1,0,0,1,3,0,0,3
Wannsee,0,1,0,1,0,2,0,2
Latvia,1,0,1,2,1,0,1,2
United States-2,1,0,0,1,2,0,0,2
United States-1,0,1,0,1,0,2,0,2
Austria-1,0,0,1,1,0,0,2,2
Turkey,1,1,0,2,1,1,0,2
Bem II,1,0,0,1,2,0,0,2
Hungary-1,1,0,0,1,2,0,0,2
Sunshine,0,0,1,1,0,0,2,2
Germany-1,0,1,0,1,0,2,0,2
South Africa,0,0,1,1,0,0,1,1
Australia,1,0,0,1,1,0,0,1
Rostock,0,0,1,1,0,0,1,1
Romania,0,0,1,1,0,0,1,1
Potsdam,1,0,0,1,1,0,0,1
Philippines,1,0,0,1,1,0,0,1
Nrnberg,0,1,0,1,0,1,0,1
New Zealand,0,1,0,1,0,1,0,1
Yugoslavia,0,0,1,1,0,0,1,1
