Team,Bronze_inf,Gold_inf,Silver_inf,Total_inf,Bronze_sup,Gold_sup,Silver_sup,Total_sup
Canada,7,6,3,16,15,50,7,72
United States,9,9,11,29,9,9,52,70
Germany,7,9,15,31,10,18,21,49
Norway,7,12,5,24,7,23,11,41
Russia,4,4,3,11,27,4,3,34
Sweden,5,0,2,7,24,0,2,26
Switzerland,5,3,1,9,12,3,5,20
Austria,10,3,4,17,13,3,4,20
Italy,4,4,4,12,4,4,11,19
China,3,2,2,7,7,2,5,14
Finland,1,4,2,7,1,7,5,13
France,2,3,5,10,5,3,5,13
United States-2,1,1,1,3,4,2,2,8
Germany-2,1,2,0,3,2,6,0,8
Netherlands,0,3,5,8,0,3,5,8
South Korea,0,2,2,4,0,5,2,7
United States-1,1,0,1,2,2,0,4,6
Great Britain,1,1,0,2,1,5,0,6
Germany-1,0,1,1,2,0,2,2,4
Russia-1,0,1,1,2,0,2,2,4
Croatia,0,3,1,4,0,3,1,4
Slovenia,1,0,0,1,4,0,0,4
Estonia,1,1,1,3,1,1,1,3
Czech Republic,0,1,2,3,0,1,2,3
Bulgaria,2,0,1,3,2,0,1,3
Poland,1,0,1,2,1,0,1,2
France-1,0,1,0,1,0,2,0,2
Italy-1,1,0,0,1,2,0,0,2
Japan,1,0,1,2,1,0,1,2
China-1,1,0,0,1,2,0,0,2
Canada-1,0,1,0,1,0,2,0,2
Switzerland-1,0,0,1,1,0,0,2,2
Switzerland-2,1,0,0,1,2,0,0,2
Australia,0,2,0,2,0,2,0,2
Belarus,1,0,0,1,1,0,0,1
