Team,Bronze_inf,Gold_inf,Silver_inf,Total_inf,Bronze_sup,Gold_sup,Silver_sup,Total_sup
Canada,7,7,9,23,11,30,26,67
Sweden,5,7,2,14,8,35,21,64
United States,7,9,7,23,32,9,7,48
Germany,6,8,11,25,6,15,23,44
Finland,3,0,6,9,7,0,34,41
Russia,8,6,5,19,13,12,8,33
Austria,7,8,7,22,7,14,7,28
Czech Republic,1,1,2,4,24,1,2,27
Norway,9,2,8,19,12,2,9,23
Italy,4,5,0,9,10,11,0,21
South Korea,2,6,3,11,2,14,3,19
Switzerland,3,5,4,12,3,5,7,15
France,4,3,2,9,10,3,2,15
Netherlands,4,3,2,9,8,3,2,13
Germany-1,0,3,1,4,0,8,2,10
China,4,2,3,9,4,2,3,9
Russia-1,0,2,1,3,0,4,4,8
Switzerland-1,2,0,0,2,6,0,0,6
Italy-1,2,0,0,2,4,0,0,4
United States-1,0,0,2,2,0,0,4,4
Estonia,0,3,0,3,0,3,0,3
Croatia,0,1,2,3,0,1,2,3
Poland,1,0,1,2,1,0,1,2
China-3,1,0,0,1,2,0,0,2
China-1,0,0,1,1,0,0,2,2
Canada-1,0,0,1,1,0,0,2,2
Ukraine-1,1,0,0,1,2,0,0,2
Austria-1,0,1,0,1,0,2,0,2
Australia,1,1,0,2,1,1,0,2
Japan,0,1,0,1,0,1,0,1
Latvia,1,0,0,1,1,0,0,1
Great Britain,0,0,1,1,0,0,1,1
Slovakia,0,0,1,1,0,0,1,1
Bulgaria,0,0,1,1,0,0,1,1
Belarus,0,0,1,1,0,0,1,1
Ukraine,1,0,0,1,1,0,0,1
