Team,Bronze_inf,Gold_inf,Silver_inf,Total_inf,Bronze_sup,Gold_sup,Silver_sup,Total_sup
United States,12,8,14,34,20,8,61,89
Canada,4,12,6,22,4,63,13,80
Finland,4,0,1,5,46,0,1,47
Germany,5,9,11,25,11,13,18,42
Norway,6,9,8,23,9,16,14,39
Austria,6,3,6,15,6,9,9,24
Russia,5,3,5,13,10,6,5,21
Sweden,4,5,2,11,4,11,3,18
South Korea,2,6,6,14,2,6,10,18
China,4,4,1,9,7,7,1,15
France,6,2,3,11,6,2,6,14
Switzerland,3,6,0,9,6,6,0,12
Netherlands,3,4,1,8,6,4,1,11
Czech Republic,4,2,0,6,7,2,0,9
Germany-1,1,1,1,3,2,2,4,8
Poland,2,1,3,6,4,1,3,8
Canada-1,1,2,0,3,4,4,0,8
Japan,2,0,3,5,2,0,5,7
United States-1,0,1,1,2,0,4,2,6
Italy,3,1,1,5,3,1,1,5
Germany-2,1,0,1,2,2,0,2,4
Russia-1,2,0,0,2,4,0,0,4
Croatia,1,0,2,3,1,0,2,3
Slovenia,1,0,2,3,1,0,2,3
Slovakia,1,1,1,3,1,1,1,3
Belarus,1,1,1,3,1,1,1,3
Australia,0,2,1,3,0,2,1,3
United States-2,1,0,0,1,2,0,0,2
Latvia-1,0,0,1,1,0,0,2,2
China-2,0,0,1,1,0,0,2,2
China-1,0,1,0,1,0,2,0,2
Canada-2,0,0,1,1,0,0,2,2
Austria-1,0,1,0,1,0,2,0,2
Latvia,0,0,1,1,0,0,1,1
Kazakhstan,0,0,1,1,0,0,1,1
Estonia,0,0,1,1,0,0,1,1
Great Britain,0,1,0,1,0,1,0,1
