Team,Bronze_inf,Gold_inf,Silver_inf,Total_inf,Bronze_sup,Gold_sup,Silver_sup,Total_sup
United States,31,35,24,90,51,128,61,240
Russia,29,32,28,89,54,66,67,187
Australia,17,15,25,57,54,58,69,181
Germany,25,13,17,55,62,31,23,116
Netherlands,4,12,9,25,23,27,29,79
South Korea,8,8,9,25,31,12,24,67
Italy,13,13,8,34,29,22,14,65
China,13,24,14,51,15,31,19,65
Cuba,7,11,11,29,12,18,35,65
France,10,13,14,37,12,22,30,64
Hungary,3,8,6,17,4,25,24,53
Great Britain,6,11,10,27,10,22,20,52
Romania,9,11,6,26,13,27,6,46
Japan,5,5,8,18,8,5,31,44
Norway,3,4,3,10,19,20,4,43
Brazil,5,0,4,9,34,0,8,42
Spain,5,3,3,11,20,3,19,42
Ukraine,10,3,10,23,12,3,20,35
Sweden,3,4,5,12,8,4,20,32
Canada,8,3,3,14,23,4,4,31
Serbia and Montenegro,1,1,1,3,13,11,1,25
Denmark,1,2,3,6,4,18,3,25
Jamaica,3,0,6,9,3,0,20,23
Belarus,11,3,3,17,11,3,8,22
Poland,3,6,4,13,7,7,8,22
Argentina,2,0,2,4,3,0,17,20
Cameroon,0,1,0,1,0,18,0,18
Greece,3,4,6,13,8,4,6,18
Lithuania,3,2,0,5,15,2,0,17
Chile,1,0,0,1,17,0,0,17
Switzerland,2,1,6,9,2,1,11,14
Bulgaria,2,5,6,13,2,5,6,13
Bahamas,1,2,0,3,5,6,0,11
Croatia,1,1,0,2,9,1,0,10
Nigeria,0,1,2,3,0,6,2,8
Ethiopia,3,4,1,8,3,4,1,8
China-2,0,3,1,4,0,6,2,8
Kenya,2,2,3,7,2,2,3,7
Belgium,3,0,2,5,4,0,3,7
Kazakhstan,0,3,4,7,0,3,4,7
Czech Republic,2,2,3,7,2,2,3,7
Georgia,6,0,0,6,6,0,0,6
China-1,1,1,1,3,2,2,2,6
Mexico,3,1,2,6,3,1,2,6
Indonesia,2,1,2,5,2,2,2,6
Slovakia,1,1,3,5,1,2,3,6
Morocco,4,0,1,5,4,0,1,5
South Africa,3,0,2,5,3,0,2,5
Algeria,3,1,1,5,3,1,1,5
Turkey,2,3,0,5,2,3,0,5
Finland,1,2,1,4,1,3,1,5
Chinese Taipei,4,0,1,5,4,0,1,5
South Korea-1,1,0,1,2,2,0,2,4
Uzbekistan,2,1,1,4,2,1,1,4
Austria,0,2,1,3,0,3,1,4
Brazil-1,0,0,2,2,0,0,4,4
Iran,1,3,0,4,1,3,0,4
New Zealand,3,1,0,4,3,1,0,4
North Korea,3,0,1,4,3,0,1,4
Estonia,2,1,0,3,2,1,0,3
Slovenia,0,2,0,2,0,3,0,3
Latvia,1,1,1,3,1,1,1,3
Azerbaijan,1,2,0,3,1,2,0,3
Thailand,2,1,0,3,2,1,0,3
Moldova,1,0,1,2,1,0,1,2
Indonesia-1,0,0,1,1,0,0,2,2
Great Britain-2,1,0,0,1,2,0,0,2
Australia-1,0,1,0,1,0,2,0,2
Trinidad and Tobago,1,0,1,2,1,0,1,2
Saudi Arabia,1,0,1,2,1,0,1,2
South Korea-2,1,0,0,1,2,0,0,2
Portugal,2,0,0,2,2,0,0,2
Poland-1,0,0,1,1,0,0,2,2
Brazil-2,1,0,0,1,2,0,0,2
Germany-1,1,0,0,1,2,0,0,2
United States-1,0,1,0,1,0,2,0,2
France-1,1,0,0,1,2,0,0,2
Costa Rica,2,0,0,2,2,0,0,2
Czech Republic-1,1,0,0,1,2,0,0,2
Uruguay,0,0,1,1,0,0,1,1
Sri Lanka,0,0,1,1,0,0,1,1
Israel,1,0,0,1,1,0,0,1
Qatar,1,0,0,1,1,0,0,1
Mozambique,0,1,0,1,0,1,0,1
Macedonia,1,0,0,1,1,0,0,1
Kyrgyzstan,1,0,0,1,1,0,0,1
Kuwait,1,0,0,1,1,0,0,1
Ireland,0,0,1,1,0,0,1,1
India,1,0,0,1,1,0,0,1
Iceland,1,0,0,1,1,0,0,1
Colombia,0,1,0,1,0,1,0,1
Barbados,1,0,0,1,1,0,0,1
Armenia,1,0,0,1,1,0,0,1
Vietnam,0,0,1,1,0,0,1,1
