Team,Bronze_inf,Gold_inf,Silver_inf,Total_inf,Bronze_sup,Gold_sup,Silver_sup,Total_sup
United States,36,45,36,117,67,137,52,256
Germany,15,16,10,41,67,47,43,157
Great Britain,17,27,23,67,26,64,55,145
Russia,20,18,17,55,35,50,28,113
China,25,25,18,68,35,44,30,109
France,14,10,18,42,21,20,55,96
Australia,10,8,11,29,25,23,34,82
Italy,8,8,11,27,24,8,38,70
Canada,15,4,3,22,61,4,4,69
Japan,21,12,8,41,34,17,13,64
Serbia,2,2,4,8,13,14,27,54
Brazil,6,6,5,17,6,34,6,46
Netherlands,3,8,7,18,11,9,25,45
Spain,6,6,4,16,17,7,19,43
Denmark,7,2,6,15,16,15,10,41
New Zealand,5,4,9,18,5,6,25,36
Jamaica,2,6,3,11,2,11,17,30
Sweden,3,2,6,11,3,2,23,28
South Korea,8,9,3,20,8,13,3,24
Croatia,2,5,3,10,2,7,15,24
South Africa,2,2,6,10,14,2,7,23
Argentina,0,3,1,4,0,21,1,22
Hungary,4,8,3,15,7,12,3,22
Belgium,2,2,2,6,2,2,17,21
Norway,4,0,0,4,19,0,0,19
Nigeria,1,0,0,1,18,0,0,18
Kazakhstan,10,3,5,18,10,3,5,18
Azerbaijan,10,1,7,18,10,1,7,18
Romania,2,1,1,4,10,4,2,16
Poland,6,2,3,11,10,3,3,16
Ukraine,4,2,5,11,5,2,8,15
Kenya,1,6,6,13,1,6,6,13
Czech Republic,6,1,2,9,10,1,2,13
Uzbekistan,7,4,2,13,7,4,2,13
Fiji,0,1,0,1,0,13,0,13
Belarus,4,1,4,9,7,1,4,12
Switzerland,2,3,2,7,2,6,3,11
Cuba,4,5,2,11,4,5,2,11
Iran,4,3,1,8,4,3,1,8
Ethiopia,5,1,2,8,5,1,2,8
Slovakia,0,2,2,4,0,3,5,8
Malaysia,1,0,4,5,1,0,7,8
Turkey,4,1,3,8,4,1,3,8
Colombia,3,3,2,8,3,3,2,8
North Korea,2,2,3,7,2,2,3,7
Bulgaria,2,0,1,3,6,0,1,7
Greece,2,3,1,6,3,3,1,7
Georgia,4,2,1,7,4,2,1,7
Lithuania,3,0,1,4,5,0,2,7
Thailand,2,2,2,6,2,2,2,6
Bahamas,1,1,0,2,5,1,0,6
Chinese Taipei,2,1,0,3,4,1,0,5
Mexico,2,0,3,5,2,0,3,5
Brazil-1,0,1,1,2,0,2,2,4
United States-2,1,1,0,2,2,2,0,4
Armenia,0,1,3,4,0,1,3,4
Slovenia,1,1,2,4,1,1,2,4
United States-1,1,0,1,2,2,0,2,4
China-1,1,1,0,2,2,2,0,4
Estonia,1,0,0,1,4,0,0,4
Egypt,3,0,0,3,3,0,0,3
Tunisia,3,0,0,3,3,0,0,3
Venezuela,2,0,1,3,2,0,1,3
Ireland,0,0,2,2,0,0,3,3
Russia-2,0,1,0,1,0,2,0,2
Spain-2,0,1,0,1,0,2,0,2
South Korea-1,1,0,0,1,2,0,0,2
Algeria,0,0,2,2,0,0,2,2
Individual Olympic Athletes,1,1,0,2,1,1,0,2
Italy-1,0,0,1,1,0,0,2,2
Austria,1,0,0,1,2,0,0,2
Bahrain,0,1,1,2,0,1,1,2
Cote d'Ivoire,1,1,0,2,1,1,0,2
Czech Republic-1,1,0,0,1,2,0,0,2
Germany-1,0,1,0,1,0,2,0,2
India,1,0,1,2,1,0,1,2
Indonesia,0,0,2,2,0,0,2,2
Indonesia-1,0,1,0,1,0,2,0,2
Israel,2,0,0,2,2,0,0,2
Vietnam,0,1,1,2,0,1,1,2
Mongolia,1,0,1,2,1,0,1,2
Netherlands-1,1,0,0,1,2,0,0,2
Jordan,0,1,0,1,0,1,0,1
Dominican Republic,1,0,0,1,1,0,0,1
Qatar,0,0,1,1,0,0,1,1
Philippines,0,0,1,1,0,0,1,1
Burundi,0,0,1,1,0,0,1,1
Niger,0,0,1,1,0,0,1,1
United Arab Emirates,1,0,0,1,1,0,0,1
Finland,1,0,0,1,1,0,0,1
Kosovo,0,1,0,1,0,1,0,1
Morocco,1,0,0,1,1,0,0,1
Trinidad and Tobago,1,0,0,1,1,0,0,1
Grenada,0,0,1,1,0,0,1,1
Tajikistan,0,1,0,1,0,1,0,1
Singapore,0,1,0,1,0,1,0,1
Puerto Rico,0,1,0,1,0,1,0,1
Portugal,1,0,0,1,1,0,0,1
