Team,Gold_inf,Silver_inf,Bronze_inf,Total_inf,Gold_sup,Silver_sup,Bronze_sup,Total_sup
United States,45,36,36,117,137,52,67,256
Germany,16,10,15,41,47,43,67,157
Great Britain,27,23,17,67,64,55,26,145
Russia,18,17,20,55,50,28,35,113
China,25,18,25,68,44,30,35,109
France,10,18,14,42,20,55,21,96
Australia,8,11,10,29,23,34,25,82
Italy,8,11,8,27,8,38,24,70
Canada,4,3,15,22,4,4,61,69
Japan,12,8,21,41,17,13,34,64
Serbia,2,4,2,8,14,27,13,54
Brazil,6,5,6,17,34,6,6,46
Netherlands,8,7,3,18,9,25,11,45
Spain,6,4,6,16,7,19,17,43
Denmark,2,6,7,15,15,10,16,41
New Zealand,4,9,5,18,6,25,5,36
Jamaica,6,3,2,11,11,17,2,30
Sweden,2,6,3,11,2,23,3,28
South Korea,9,3,8,20,13,3,8,24
Croatia,5,3,2,10,7,15,2,24
South Africa,2,6,2,10,2,7,14,23
Argentina,3,1,0,4,21,1,0,22
Hungary,8,3,4,15,12,3,7,22
Belgium,2,2,2,6,2,17,2,21
Norway,0,0,4,4,0,0,19,19
Kazakhstan,3,5,10,18,3,5,10,18
Nigeria,0,0,1,1,0,0,18,18
Azerbaijan,1,7,10,18,1,7,10,18
Poland,2,3,6,11,3,3,10,16
Romania,1,1,2,4,4,2,10,16
Ukraine,2,5,4,11,2,8,5,15
Uzbekistan,4,2,7,13,4,2,7,13
Kenya,6,6,1,13,6,6,1,13
Fiji,1,0,0,1,13,0,0,13
Czech Republic,1,2,6,9,1,2,10,13
Belarus,1,4,4,9,1,4,7,12
Cuba,5,2,4,11,5,2,4,11
Switzerland,3,2,2,7,6,3,2,11
Turkey,1,3,4,8,1,3,4,8
Ethiopia,1,2,5,8,1,2,5,8
Malaysia,0,4,1,5,0,7,1,8
Iran,3,1,4,8,3,1,4,8
Colombia,3,2,3,8,3,2,3,8
Slovakia,2,2,0,4,3,5,0,8
Lithuania,0,1,3,4,0,2,5,7
Georgia,2,1,4,7,2,1,4,7
Greece,3,1,2,6,3,1,3,7
Bulgaria,0,1,2,3,0,1,6,7
North Korea,2,3,2,7,2,3,2,7
Bahamas,1,0,1,2,1,0,5,6
Thailand,2,2,2,6,2,2,2,6
Mexico,0,3,2,5,0,3,2,5
Chinese Taipei,1,0,2,3,1,0,4,5
Estonia,0,0,1,1,0,0,4,4
United States-1,0,1,1,2,0,2,2,4
Slovenia,1,2,1,4,1,2,1,4
United States-2,1,0,1,2,2,0,2,4
Armenia,1,3,0,4,1,3,0,4
Brazil-1,1,1,0,2,2,2,0,4
China-1,1,0,1,2,2,0,2,4
Venezuela,0,1,2,3,0,1,2,3
Egypt,0,0,3,3,0,0,3,3
Tunisia,0,0,3,3,0,0,3,3
Ireland,0,2,0,2,0,3,0,3
Bahrain,1,1,0,2,1,1,0,2
Indonesia-1,1,0,0,1,2,0,0,2
Spain-2,1,0,0,1,2,0,0,2
Netherlands-1,0,0,1,1,0,0,2,2
Czech Republic-1,0,0,1,1,0,0,2,2
Italy-1,0,1,0,1,0,2,0,2
Indonesia,0,2,0,2,0,2,0,2
Individual Olympic Athletes,1,0,1,2,1,0,1,2
Austria,0,0,1,1,0,0,2,2
Israel,0,0,2,2,0,0,2,2
India,0,1,1,2,0,1,1,2
Cote d'Ivoire,1,0,1,2,1,0,1,2
Vietnam,1,1,0,2,1,1,0,2
South Korea-1,0,0,1,1,0,0,2,2
Algeria,0,2,0,2,0,2,0,2
Germany-1,1,0,0,1,2,0,0,2
Russia-2,1,0,0,1,2,0,0,2
Mongolia,0,1,1,2,0,1,1,2
Portugal,0,0,1,1,0,0,1,1
Burundi,0,1,0,1,0,1,0,1
Finland,0,0,1,1,0,0,1,1
Niger,0,1,0,1,0,1,0,1
Grenada,0,1,0,1,0,1,0,1
Jordan,1,0,0,1,1,0,0,1
Tajikistan,1,0,0,1,1,0,0,1
Qatar,0,1,0,1,0,1,0,1
Trinidad and Tobago,0,0,1,1,0,0,1,1
Singapore,1,0,0,1,1,0,0,1
Kosovo,1,0,0,1,1,0,0,1
Philippines,0,1,0,1,0,1,0,1
Puerto Rico,1,0,0,1,1,0,0,1
Morocco,0,0,1,1,0,0,1,1
United Arab Emirates,0,0,1,1,0,0,1,1
Dominican Republic,0,0,1,1,0,0,1,1
